Genero,Nombre Pelicula,Año estreno,País,Valoración FA,Director,Cantidad Votaciones,Reparto
Belico,Hermanos de sangre (Miniserie de TV),2001,Estados Unidos,"8,5","Stephen Ambrose (Creador), David Frankel, Tom Hanks",57.141 ,"Damian Lewis, Ron Livingston, Rick Gomez, Scott Grimes, Donnie Wahlberg, Michael Cudlitz, James Madio, Dexter Fletcher, Neal McDonough ..."
Belico,Senderos de gloria ,1957,Estados Unidos,"8,4",Stanley Kubrick,53.843 ,"Damian Lewis, Ron Livingston, Rick Gomez, Scott Grimes, Donnie Wahlberg, Michael Cudlitz, James Madio, Dexter Fletcher, Neal McDonough ..."
Belico,La condición humana III: La plegaria del soldado ,1961,Japón,"8,3",Masaki Kobayashi,2.227 ,"Damian Lewis, Ron Livingston, Rick Gomez, Scott Grimes, Donnie Wahlberg, Michael Cudlitz, James Madio, Dexter Fletcher, Neal McDonough ..."
Belico,Apocalypse Now ,1979,Estados Unidos,"8,2",Francis Ford Coppola,104.639 ,"Damian Lewis, Ron Livingston, Rick Gomez, Scott Grimes, Donnie Wahlberg, Michael Cudlitz, James Madio, Dexter Fletcher, Neal McDonough ..."
Belico,"Roma, ciudad abierta ",1945,Italia,"8,2",Roberto Rossellini,15.730 ,"Damian Lewis, Ron Livingston, Rick Gomez, Scott Grimes, Donnie Wahlberg, Michael Cudlitz, James Madio, Dexter Fletcher, Neal McDonough ..."
Belico,La chaqueta metálica ,1987,Reino Unido,"8,2",Stanley Kubrick,119.968 ,"Damian Lewis, Ron Livingston, Rick Gomez, Scott Grimes, Donnie Wahlberg, Michael Cudlitz, James Madio, Dexter Fletcher, Neal McDonough ..."
Belico,Code Geass: Lelouch of the Rebellion R2 (Serie de TV),2008,Japón,"8,1",Goro Taniguchi,2.437 ,"Damian Lewis, Ron Livingston, Rick Gomez, Scott Grimes, Donnie Wahlberg, Michael Cudlitz, James Madio, Dexter Fletcher, Neal McDonough ..."
Belico,La condición humana I: No hay amor más grande ,1959,Japón,"8,1",Masaki Kobayashi,2.957 ,"Damian Lewis, Ron Livingston, Rick Gomez, Scott Grimes, Donnie Wahlberg, Michael Cudlitz, James Madio, Dexter Fletcher, Neal McDonough ..."
Belico,La condición humana II: El camino a la eternidad ,1959,Japón,"8,1",Masaki Kobayashi,2.312 ,"Damian Lewis, Ron Livingston, Rick Gomez, Scott Grimes, Donnie Wahlberg, Michael Cudlitz, James Madio, Dexter Fletcher, Neal McDonough ..."
Belico,Ran ,1985,Japón,"8,1",Akira Kurosawa,26.663 ,"Damian Lewis, Ron Livingston, Rick Gomez, Scott Grimes, Donnie Wahlberg, Michael Cudlitz, James Madio, Dexter Fletcher, Neal McDonough ..."
Belico,El submarino (Miniserie de TV),1985,Alemania del Oeste (RFA),"8,0",Wolfgang Petersen,83 ,"Damian Lewis, Ron Livingston, Rick Gomez, Scott Grimes, Donnie Wahlberg, Michael Cudlitz, James Madio, Dexter Fletcher, Neal McDonough ..."
Belico,La tumba de las luciérnagas ,1988,Japón,"8,0",Isao Takahata,38.521 ,"Damian Lewis, Ron Livingston, Rick Gomez, Scott Grimes, Donnie Wahlberg, Michael Cudlitz, James Madio, Dexter Fletcher, Neal McDonough ..."
Belico,Blackadder Goes Forth (Serie de TV),1989,Reino Unido,"8,0","Richard Curtis (Creador), Ben Elton (Creador), Richard Boden",131 ,"Damian Lewis, Ron Livingston, Rick Gomez, Scott Grimes, Donnie Wahlberg, Michael Cudlitz, James Madio, Dexter Fletcher, Neal McDonough ..."
Belico,La batalla de Argel ,1966,Italia,"8,0",Gillo Pontecorvo,5.602 ,"Damian Lewis, Ron Livingston, Rick Gomez, Scott Grimes, Donnie Wahlberg, Michael Cudlitz, James Madio, Dexter Fletcher, Neal McDonough ..."
Belico,El cazador ,1978,Estados Unidos,"8,0",Michael Cimino,48.164 ,"Damian Lewis, Ron Livingston, Rick Gomez, Scott Grimes, Donnie Wahlberg, Michael Cudlitz, James Madio, Dexter Fletcher, Neal McDonough ..."
Belico,Lawrence de Arabia ,1962,Reino Unido,"8,0",David Lean,45.747 ,"Damian Lewis, Ron Livingston, Rick Gomez, Scott Grimes, Donnie Wahlberg, Michael Cudlitz, James Madio, Dexter Fletcher, Neal McDonough ..."
Belico,Napoleón ,1927,Francia,"8,0",Abel Gance,2.614 ,"Damian Lewis, Ron Livingston, Rick Gomez, Scott Grimes, Donnie Wahlberg, Michael Cudlitz, James Madio, Dexter Fletcher, Neal McDonough ..."
Belico,El acorazado Potemkin ,1925,Unión Soviética (URSS),"8,0",Sergei M. Eisenstein,27.841 ,"Damian Lewis, Ron Livingston, Rick Gomez, Scott Grimes, Donnie Wahlberg, Michael Cudlitz, James Madio, Dexter Fletcher, Neal McDonough ..."
Belico,Soy Cuba ,1964,Unión Soviética (URSS),"7,9",Mikhail Kalatozov,1.941 ,"Damian Lewis, Ron Livingston, Rick Gomez, Scott Grimes, Donnie Wahlberg, Michael Cudlitz, James Madio, Dexter Fletcher, Neal McDonough ..."
Belico,¿Teléfono rojo? Volamos hacia Moscú ,1964,Reino Unido,"7,9",Stanley Kubrick,46.791 ,"Damian Lewis, Ron Livingston, Rick Gomez, Scott Grimes, Donnie Wahlberg, Michael Cudlitz, James Madio, Dexter Fletcher, Neal McDonough ..."
Belico,El gran desfile ,1925,Estados Unidos,"7,9",King Vidor,1.491 ,"Damian Lewis, Ron Livingston, Rick Gomez, Scott Grimes, Donnie Wahlberg, Michael Cudlitz, James Madio, Dexter Fletcher, Neal McDonough ..."
Belico,El puente sobre el río Kwai ,1957,Reino Unido,"7,8",David Lean,48.847 ,"Damian Lewis, Ron Livingston, Rick Gomez, Scott Grimes, Donnie Wahlberg, Michael Cudlitz, James Madio, Dexter Fletcher, Neal McDonough ..."
Belico,Sin novedad en el frente ,1930,Estados Unidos,"7,8",Lewis Milestone,6.660 ,"Damian Lewis, Ron Livingston, Rick Gomez, Scott Grimes, Donnie Wahlberg, Michael Cudlitz, James Madio, Dexter Fletcher, Neal McDonough ..."
Belico,La ascensión ,1977,Unión Soviética (URSS),"7,8",Larisa Shepitko,836 ,"Damian Lewis, Ron Livingston, Rick Gomez, Scott Grimes, Donnie Wahlberg, Michael Cudlitz, James Madio, Dexter Fletcher, Neal McDonough ..."
Belico,Hijos del Tercer Reich (Miniserie de TV),2013,Alemania,"7,8",Philipp Kadelbach,13.071 ,"Damian Lewis, Ron Livingston, Rick Gomez, Scott Grimes, Donnie Wahlberg, Michael Cudlitz, James Madio, Dexter Fletcher, Neal McDonough ..."
Belico,Code Geass: Lelouch of the Rebellion (Serie de TV),2006,Japón,"7,8",Goro Taniguchi,2.652 ,"Damian Lewis, Ron Livingston, Rick Gomez, Scott Grimes, Donnie Wahlberg, Michael Cudlitz, James Madio, Dexter Fletcher, Neal McDonough ..."
Belico,Malditos bastardos ,2009,Estados Unidos,"7,8",Quentin Tarantino,152.103 ,"Damian Lewis, Ron Livingston, Rick Gomez, Scott Grimes, Donnie Wahlberg, Michael Cudlitz, James Madio, Dexter Fletcher, Neal McDonough ..."
Belico,Salvar al soldado Ryan ,1998,Estados Unidos,"7,8",Steven Spielberg,138.235 ,"Damian Lewis, Ron Livingston, Rick Gomez, Scott Grimes, Donnie Wahlberg, Michael Cudlitz, James Madio, Dexter Fletcher, Neal McDonough ..."
Belico,La infancia de Iván ,1962,Unión Soviética (URSS),"7,8",Andrei Tarkovsky,6.557 ,"Damian Lewis, Ron Livingston, Rick Gomez, Scott Grimes, Donnie Wahlberg, Michael Cudlitz, James Madio, Dexter Fletcher, Neal McDonough ..."
Belico,Juegos prohibidos ,1952,Francia,"7,8",René Clément,3.185 ,"Damian Lewis, Ron Livingston, Rick Gomez, Scott Grimes, Donnie Wahlberg, Michael Cudlitz, James Madio, Dexter Fletcher, Neal McDonough ..."
Comedia,Luces de la ciudad ,1931,Estados Unidos,"8,6",Charles Chaplin,31.583 ,"Charles Chaplin, Virginia Cherrill, Florence Lee, Harry Myers, Allan Garcia, Hank Mann, Jack Alexander, Tom Dempsey, Henry Bergman"
Comedia,Los Simpson (Serie de TV),1989,Estados Unidos,"8,6","Matt Groening (Creador), Sam Simon (Creador), James L. Brooks (Creador)",169.911 ,"Charles Chaplin, Virginia Cherrill, Florence Lee, Harry Myers, Allan Garcia, Hank Mann, Jack Alexander, Tom Dempsey, Henry Bergman"
Comedia,El gran dictador ,1940,Estados Unidos,"8,6",Charles Chaplin,84.074 ,"Charles Chaplin, Virginia Cherrill, Florence Lee, Harry Myers, Allan Garcia, Hank Mann, Jack Alexander, Tom Dempsey, Henry Bergman"
Comedia,Tiempos modernos ,1936,Estados Unidos,"8,6",Charles Chaplin,61.667 ,"Charles Chaplin, Virginia Cherrill, Florence Lee, Harry Myers, Allan Garcia, Hank Mann, Jack Alexander, Tom Dempsey, Henry Bergman"
Comedia,El golpe ,1973,Estados Unidos,"8,6",George Roy Hill,97.870 ,"Charles Chaplin, Virginia Cherrill, Florence Lee, Harry Myers, Allan Garcia, Hank Mann, Jack Alexander, Tom Dempsey, Henry Bergman"
Comedia,Ser o no ser ,1942,Estados Unidos,"8,5",Ernst Lubitsch,34.149 ,"Charles Chaplin, Virginia Cherrill, Florence Lee, Harry Myers, Allan Garcia, Hank Mann, Jack Alexander, Tom Dempsey, Henry Bergman"
Comedia,La vida es bella ,1997,Italia,"8,5",Roberto Benigni,188.334 ,"Charles Chaplin, Virginia Cherrill, Florence Lee, Harry Myers, Allan Garcia, Hank Mann, Jack Alexander, Tom Dempsey, Henry Bergman"
Comedia,El apartamento ,1960,Estados Unidos,"8,4",Billy Wilder,78.994 ,"Charles Chaplin, Virginia Cherrill, Florence Lee, Harry Myers, Allan Garcia, Hank Mann, Jack Alexander, Tom Dempsey, Henry Bergman"
Comedia,El chico ,1921,Estados Unidos,"8,4",Charles Chaplin,31.589 ,"Charles Chaplin, Virginia Cherrill, Florence Lee, Harry Myers, Allan Garcia, Hank Mann, Jack Alexander, Tom Dempsey, Henry Bergman"
Comedia,Monty Python's Flying Circus (Serie de TV),1969,Reino Unido,"8,4","Graham Chapman (Creador), John Cleese (Creador), Terry Gilliam (Creador)",12.387 ,"Charles Chaplin, Virginia Cherrill, Florence Lee, Harry Myers, Allan Garcia, Hank Mann, Jack Alexander, Tom Dempsey, Henry Bergman"
Comedia,La quimera del oro ,1925,Estados Unidos,"8,4",Charles Chaplin,26.842 ,"Charles Chaplin, Virginia Cherrill, Florence Lee, Harry Myers, Allan Garcia, Hank Mann, Jack Alexander, Tom Dempsey, Henry Bergman"
Comedia,Rick y Morty (Serie de TV),2013,Estados Unidos,"8,4","Dan Harmon (Creador), Justin Roiland (Creador), Pete Michels",27.939 ,"Charles Chaplin, Virginia Cherrill, Florence Lee, Harry Myers, Allan Garcia, Hank Mann, Jack Alexander, Tom Dempsey, Henry Bergman"
Comedia,Cinema Paradiso ,1988,Italia,"8,3",Giuseppe Tornatore,88.744 ,"Charles Chaplin, Virginia Cherrill, Florence Lee, Harry Myers, Allan Garcia, Hank Mann, Jack Alexander, Tom Dempsey, Henry Bergman"
Comedia,Con faldas y a lo loco ,1959,Estados Unidos,"8,3",Billy Wilder,80.655 ,"Charles Chaplin, Virginia Cherrill, Florence Lee, Harry Myers, Allan Garcia, Hank Mann, Jack Alexander, Tom Dempsey, Henry Bergman"
Comedia,Una noche en la ópera ,1935,Estados Unidos,"8,3",Sam Wood,45.430 ,"Charles Chaplin, Virginia Cherrill, Florence Lee, Harry Myers, Allan Garcia, Hank Mann, Jack Alexander, Tom Dempsey, Henry Bergman"
Comedia,El maquinista de La General ,1926,Estados Unidos,"8,3","Buster Keaton, Clyde Bruckman",27.791 ,"Charles Chaplin, Virginia Cherrill, Florence Lee, Harry Myers, Allan Garcia, Hank Mann, Jack Alexander, Tom Dempsey, Henry Bergman"
Comedia,El verdugo ,1963,España,"8,3",Luis García Berlanga,38.762 ,"Charles Chaplin, Virginia Cherrill, Florence Lee, Harry Myers, Allan Garcia, Hank Mann, Jack Alexander, Tom Dempsey, Henry Bergman"
Comedia,Fargo (Miniserie de TV),2014,Estados Unidos,"8,2","Noah Hawley (Creador), Adam Bernstein, Randall Einhorn",36.943 ,"Charles Chaplin, Virginia Cherrill, Florence Lee, Harry Myers, Allan Garcia, Hank Mann, Jack Alexander, Tom Dempsey, Henry Bergman"
Comedia,Rick y Morty: Cadena Rickpetua (TV),2017,Estados Unidos,"8,2",Juan Jose Meza-Leon,4.746 ,"Charles Chaplin, Virginia Cherrill, Florence Lee, Harry Myers, Allan Garcia, Hank Mann, Jack Alexander, Tom Dempsey, Henry Bergman"
Comedia,"Uno, dos, tres ",1961,Estados Unidos,"8,2",Billy Wilder,25.635 ,"Charles Chaplin, Virginia Cherrill, Florence Lee, Harry Myers, Allan Garcia, Hank Mann, Jack Alexander, Tom Dempsey, Henry Bergman"
Comedia,Forrest Gump ,1994,Estados Unidos,"8,2",Robert Zemeckis,198.366 ,"Charles Chaplin, Virginia Cherrill, Florence Lee, Harry Myers, Allan Garcia, Hank Mann, Jack Alexander, Tom Dempsey, Henry Bergman"
Comedia,Friends (Serie de TV),1994,Estados Unidos,"8,2","David Crane (Creador), Marta Kauffman (Creador), Gary Halvorson",140.442 ,"Charles Chaplin, Virginia Cherrill, Florence Lee, Harry Myers, Allan Garcia, Hank Mann, Jack Alexander, Tom Dempsey, Henry Bergman"
Comedia,Hora de Aventuras: La aventura final (TV),2018,Estados Unidos,"8,2","Diana Lafyatis, Cole Sanchez, Sandra Lee",430 ,"Charles Chaplin, Virginia Cherrill, Florence Lee, Harry Myers, Allan Garcia, Hank Mann, Jack Alexander, Tom Dempsey, Henry Bergman"
Comedia,El moderno Sherlock Holmes ,1924,Estados Unidos,"8,2",Buster Keaton,5.881 ,"Charles Chaplin, Virginia Cherrill, Florence Lee, Harry Myers, Allan Garcia, Hank Mann, Jack Alexander, Tom Dempsey, Henry Bergman"
Comedia,Plácido ,1961,España,"8,1",Luis García Berlanga,18.336 ,"Charles Chaplin, Virginia Cherrill, Florence Lee, Harry Myers, Allan Garcia, Hank Mann, Jack Alexander, Tom Dempsey, Henry Bergman"
Comedia,Primera plana ,1974,Estados Unidos,"8,1",Billy Wilder,24.307 ,"Charles Chaplin, Virginia Cherrill, Florence Lee, Harry Myers, Allan Garcia, Hank Mann, Jack Alexander, Tom Dempsey, Henry Bergman"
Comedia,Sopa de ganso ,1933,Estados Unidos,"8,1",Leo McCarey,38.896 ,"Charles Chaplin, Virginia Cherrill, Florence Lee, Harry Myers, Allan Garcia, Hank Mann, Jack Alexander, Tom Dempsey, Henry Bergman"
Comedia,Hunter x Hunter (Serie de TV),2011,Japón,"8,1",Hiroshi Koujina,1.553 ,"Charles Chaplin, Virginia Cherrill, Florence Lee, Harry Myers, Allan Garcia, Hank Mann, Jack Alexander, Tom Dempsey, Henry Bergman"
Comedia,Clannad: After Story (Serie de TV),2008,Japón,"8,1","Tatsuya Ishihara, Ichirou Miyoshi, Kazuya Sakamoto",923 ,"Charles Chaplin, Virginia Cherrill, Florence Lee, Harry Myers, Allan Garcia, Hank Mann, Jack Alexander, Tom Dempsey, Henry Bergman"
Comedia,Vive como quieras ,1938,Estados Unidos,"8,1",Frank Capra,7.718 ,"Charles Chaplin, Virginia Cherrill, Florence Lee, Harry Myers, Allan Garcia, Hank Mann, Jack Alexander, Tom Dempsey, Henry Bergman"
Terror,Psicosis ,1960,Estados Unidos,"8,4",Alfred Hitchcock,106.218 ,"Anthony Perkins, Janet Leigh, John Gavin, Vera Miles, John McIntire, Martin Balsam, Simon Oakland, Patricia Hitchcock"
Terror,Black Mirror (Serie de TV),2011,Reino Unido,"8,2","Charlie Brooker (Creador), Owen Harris, Carl Tibbetts",29.485 ,"Anthony Perkins, Janet Leigh, John Gavin, Vera Miles, John McIntire, Martin Balsam, Simon Oakland, Patricia Hitchcock"
Terror,La parada de los monstruos ,1932,Estados Unidos,"8,2",Tod Browning,22.027 ,"Anthony Perkins, Janet Leigh, John Gavin, Vera Miles, John McIntire, Martin Balsam, Simon Oakland, Patricia Hitchcock"
Terror,El resplandor ,1980,Reino Unido,"8,2",Stanley Kubrick,144.722 ,"Anthony Perkins, Janet Leigh, John Gavin, Vera Miles, John McIntire, Martin Balsam, Simon Oakland, Patricia Hitchcock"
Terror,Doctor Who: Parpadeo (Blink) (TV),2007,Reino Unido,"8,1",Hettie Macdonald,2.745 ,"Anthony Perkins, Janet Leigh, John Gavin, Vera Miles, John McIntire, Martin Balsam, Simon Oakland, Patricia Hitchcock"
Terror,El gabinete del doctor Caligari ,1920,Alemania,"8,1",Robert Wiene,19.378 ,"Anthony Perkins, Janet Leigh, John Gavin, Vera Miles, John McIntire, Martin Balsam, Simon Oakland, Patricia Hitchcock"
Terror,Fausto ,1926,Alemania,"8,1",F.W. Murnau,5.740 ,"Anthony Perkins, Janet Leigh, John Gavin, Vera Miles, John McIntire, Martin Balsam, Simon Oakland, Patricia Hitchcock"
Terror,"Alien, el octavo pasajero ",1979,Estados Unidos,"8,0",Ridley Scott,119.965 ,"Anthony Perkins, Janet Leigh, John Gavin, Vera Miles, John McIntire, Martin Balsam, Simon Oakland, Patricia Hitchcock"
Terror,La dimensión desconocida (Serie de TV),1959,Estados Unidos,"8,0","Rod Serling (Creador), John Brahm, Douglas Heyes",3.943 ,"Anthony Perkins, Janet Leigh, John Gavin, Vera Miles, John McIntire, Martin Balsam, Simon Oakland, Patricia Hitchcock"
Terror,Las diabólicas ,1955,Francia,"8,0",H.G. Clouzot,9.856 ,"Anthony Perkins, Janet Leigh, John Gavin, Vera Miles, John McIntire, Martin Balsam, Simon Oakland, Patricia Hitchcock"
Terror,Michael Jackson's Thriller (Vídeo musical),1983,Estados Unidos,"8,0",John Landis,4.989 ,"Anthony Perkins, Janet Leigh, John Gavin, Vera Miles, John McIntire, Martin Balsam, Simon Oakland, Patricia Hitchcock"
Terror,Nosferatu ,1922,Alemania,"8,0",F.W. Murnau,29.187 ,"Anthony Perkins, Janet Leigh, John Gavin, Vera Miles, John McIntire, Martin Balsam, Simon Oakland, Patricia Hitchcock"
Terror,Monster (Serie de TV),2004,Japón,"7,9",Masayuki Kojima,7.868 ,"Anthony Perkins, Janet Leigh, John Gavin, Vera Miles, John McIntire, Martin Balsam, Simon Oakland, Patricia Hitchcock"
Terror,Stranger Things (Serie de TV),2016,Estados Unidos,"7,9","Matt Duffer (Creador), Ross Duffer (Creador), The Duffer Brothers",58.104 ,"Anthony Perkins, Janet Leigh, John Gavin, Vera Miles, John McIntire, Martin Balsam, Simon Oakland, Patricia Hitchcock"
Terror,The Promised Neverland (Serie de TV),2019,Japón,"7,8",Mamoru Kanbe,857 ,"Anthony Perkins, Janet Leigh, John Gavin, Vera Miles, John McIntire, Martin Balsam, Simon Oakland, Patricia Hitchcock"
Terror,Los pájaros ,1963,Estados Unidos,"7,8",Alfred Hitchcock,54.342 ,"Anthony Perkins, Janet Leigh, John Gavin, Vera Miles, John McIntire, Martin Balsam, Simon Oakland, Patricia Hitchcock"
Terror,Suspense ,1961,Reino Unido,"7,7",Jack Clayton,8.122 ,"Anthony Perkins, Janet Leigh, John Gavin, Vera Miles, John McIntire, Martin Balsam, Simon Oakland, Patricia Hitchcock"
Terror,Onibaba ,1964,Japón,"7,7",Kaneto Shindô,3.470 ,"Anthony Perkins, Janet Leigh, John Gavin, Vera Miles, John McIntire, Martin Balsam, Simon Oakland, Patricia Hitchcock"
Terror,Mushishi (Serie de TV),2005,Japón,"7,7",Hiroshi Nagahama,1.739 ,"Anthony Perkins, Janet Leigh, John Gavin, Vera Miles, John McIntire, Martin Balsam, Simon Oakland, Patricia Hitchcock"
Terror,La semilla del diablo ,1968,Estados Unidos,"7,7",Roman Polanski,60.495 ,"Anthony Perkins, Janet Leigh, John Gavin, Vera Miles, John McIntire, Martin Balsam, Simon Oakland, Patricia Hitchcock"
Terror,El más allá ,1964,Japón,"7,7",Masaki Kobayashi,3.677 ,"Anthony Perkins, Janet Leigh, John Gavin, Vera Miles, John McIntire, Martin Balsam, Simon Oakland, Patricia Hitchcock"
Terror,Garras humanas ,1927,Estados Unidos,"7,7",Tod Browning,2.864 ,"Anthony Perkins, Janet Leigh, John Gavin, Vera Miles, John McIntire, Martin Balsam, Simon Oakland, Patricia Hitchcock"
Terror,The Walking Dead: The Game (Miniserie de TV),2012,Estados Unidos,"7,7","Sean Ainsworth, Nick Herman, Dennis Lenart",291 ,"Anthony Perkins, Janet Leigh, John Gavin, Vera Miles, John McIntire, Martin Balsam, Simon Oakland, Patricia Hitchcock"
Terror,Jujutsu Kaisen (Serie de TV),2020,Japón,"7,7",Sunghoo Park,299 ,"Anthony Perkins, Janet Leigh, John Gavin, Vera Miles, John McIntire, Martin Balsam, Simon Oakland, Patricia Hitchcock"
Terror,Pesadilla antes de Navidad ,1993,Estados Unidos,"7,7",Henry Selick,101.826 ,"Anthony Perkins, Janet Leigh, John Gavin, Vera Miles, John McIntire, Martin Balsam, Simon Oakland, Patricia Hitchcock"
Terror,La cabina (TV),1972,España,"7,7",Antonio Mercero,21.986 ,"Anthony Perkins, Janet Leigh, John Gavin, Vera Miles, John McIntire, Martin Balsam, Simon Oakland, Patricia Hitchcock"
Terror,P.T. ,2014,Japón,"7,7","Hideo Kojima, Guillermo del Toro",107 ,"Anthony Perkins, Janet Leigh, John Gavin, Vera Miles, John McIntire, Martin Balsam, Simon Oakland, Patricia Hitchcock"
Terror,El Exorcista ,1973,Estados Unidos,"7,6",William Friedkin,98.755 ,"Anthony Perkins, Janet Leigh, John Gavin, Vera Miles, John McIntire, Martin Balsam, Simon Oakland, Patricia Hitchcock"
Terror,El sexto sentido ,1999,Estados Unidos,"7,6",M. Night Shyamalan,159.647 ,"Anthony Perkins, Janet Leigh, John Gavin, Vera Miles, John McIntire, Martin Balsam, Simon Oakland, Patricia Hitchcock"
Terror,La invasión de los ladrones de cuerpos ,1956,Estados Unidos,"7,6",Don Siegel,15.549 ,"Anthony Perkins, Janet Leigh, John Gavin, Vera Miles, John McIntire, Martin Balsam, Simon Oakland, Patricia Hitchcock"
Drama,El padrino ,1972,Estados Unidos,"9,0",Francis Ford Coppola,170.789 ,"Marlon Brando, Al Pacino, James Caan, Robert Duvall, Diane Keaton, John Cazale, Talia Shire, Richard S. Castellano, Sterling Hayden ..."
Drama,El padrino. Parte II ,1974,Estados Unidos,"8,9",Francis Ford Coppola,136.014 ,"Marlon Brando, Al Pacino, James Caan, Robert Duvall, Diane Keaton, John Cazale, Talia Shire, Richard S. Castellano, Sterling Hayden ..."
Drama,The Wire (Bajo escucha) (Serie de TV),2002,Estados Unidos,"8,9","David Simon (Creador), Joe Chappelle, Ernest R. Dickerson",46.215 ,"Marlon Brando, Al Pacino, James Caan, Robert Duvall, Diane Keaton, John Cazale, Talia Shire, Richard S. Castellano, Sterling Hayden ..."
Drama,Breaking Bad (Serie de TV),2008,Estados Unidos,"8,8","Vince Gilligan (Creador), Michelle MacLaren, Adam Bernstein",98.684 ,"Marlon Brando, Al Pacino, James Caan, Robert Duvall, Diane Keaton, John Cazale, Talia Shire, Richard S. Castellano, Sterling Hayden ..."
Drama,Doce hombres sin piedad ,1957,Estados Unidos,"8,7",Sidney Lumet,67.209 ,"Marlon Brando, Al Pacino, James Caan, Robert Duvall, Diane Keaton, John Cazale, Talia Shire, Richard S. Castellano, Sterling Hayden ..."
Drama,La lista de Schindler ,1993,Estados Unidos,"8,6",Steven Spielberg,171.186 ,"Marlon Brando, Al Pacino, James Caan, Robert Duvall, Diane Keaton, John Cazale, Talia Shire, Richard S. Castellano, Sterling Hayden ..."
Drama,Testigo de cargo ,1957,Estados Unidos,"8,6",Billy Wilder,42.788 ,"Marlon Brando, Al Pacino, James Caan, Robert Duvall, Diane Keaton, John Cazale, Talia Shire, Richard S. Castellano, Sterling Hayden ..."
Drama,Cadena perpetua ,1994,Estados Unidos,"8,6",Frank Darabont,165.165 ,"Marlon Brando, Al Pacino, James Caan, Robert Duvall, Diane Keaton, John Cazale, Talia Shire, Richard S. Castellano, Sterling Hayden ..."
Drama,Juego de tronos (Serie de TV),2011,Estados Unidos,"8,6","David Benioff (Creador), D.B. Weiss (Creador), Timothy Van Patten",109.362 ,"Marlon Brando, Al Pacino, James Caan, Robert Duvall, Diane Keaton, John Cazale, Talia Shire, Richard S. Castellano, Sterling Hayden ..."
Drama,El golpe ,1973,Estados Unidos,"8,6",George Roy Hill,97.870 ,"Marlon Brando, Al Pacino, James Caan, Robert Duvall, Diane Keaton, John Cazale, Talia Shire, Richard S. Castellano, Sterling Hayden ..."
Drama,Hermanos de sangre (Miniserie de TV),2001,Estados Unidos,"8,5","Stephen Ambrose (Creador), David Frankel, Tom Hanks",57.141 ,"Marlon Brando, Al Pacino, James Caan, Robert Duvall, Diane Keaton, John Cazale, Talia Shire, Richard S. Castellano, Sterling Hayden ..."
Drama,Los Soprano (Serie de TV),1999,Estados Unidos,"8,5","David Chase (Creador), Timothy Van Patten, John Patterson",55.820 ,"Marlon Brando, Al Pacino, James Caan, Robert Duvall, Diane Keaton, John Cazale, Talia Shire, Richard S. Castellano, Sterling Hayden ..."
Drama,Harakiri (Seppuku) ,1962,Japón,"8,5",Masaki Kobayashi,11.195 ,"Marlon Brando, Al Pacino, James Caan, Robert Duvall, Diane Keaton, John Cazale, Talia Shire, Richard S. Castellano, Sterling Hayden ..."
Drama,El crepúsculo de los dioses ,1950,Estados Unidos,"8,5",Billy Wilder,44.706 ,"Marlon Brando, Al Pacino, James Caan, Robert Duvall, Diane Keaton, John Cazale, Talia Shire, Richard S. Castellano, Sterling Hayden ..."
Drama,La vida es bella ,1997,Italia,"8,5",Roberto Benigni,188.334 ,"Marlon Brando, Al Pacino, James Caan, Robert Duvall, Diane Keaton, John Cazale, Talia Shire, Richard S. Castellano, Sterling Hayden ..."
Drama,True Detective (Miniserie de TV),2014,Estados Unidos,"8,5","Nic Pizzolatto (Creador), Cary Joji Fukunaga",61.583 ,"Marlon Brando, Al Pacino, James Caan, Robert Duvall, Diane Keaton, John Cazale, Talia Shire, Richard S. Castellano, Sterling Hayden ..."
Drama,Chernobyl (Miniserie de TV),2019,Estados Unidos,"8,5","Craig Mazin (Creador), Johan Renck",39.083 ,"Marlon Brando, Al Pacino, James Caan, Robert Duvall, Diane Keaton, John Cazale, Talia Shire, Richard S. Castellano, Sterling Hayden ..."
Drama,Eva al desnudo ,1950,Estados Unidos,"8,5",Joseph L. Mankiewicz,34.280 ,"Marlon Brando, Al Pacino, James Caan, Robert Duvall, Diane Keaton, John Cazale, Talia Shire, Richard S. Castellano, Sterling Hayden ..."
Drama,Senderos de gloria ,1957,Estados Unidos,"8,4",Stanley Kubrick,53.843 ,"Marlon Brando, Al Pacino, James Caan, Robert Duvall, Diane Keaton, John Cazale, Talia Shire, Richard S. Castellano, Sterling Hayden ..."
Drama,Los siete samuráis ,1954,Japón,"8,4",Akira Kurosawa,40.996 ,"Marlon Brando, Al Pacino, James Caan, Robert Duvall, Diane Keaton, John Cazale, Talia Shire, Richard S. Castellano, Sterling Hayden ..."
Drama,Amanecer ,1927,Estados Unidos,"8,4",F.W. Murnau,13.732 ,"Marlon Brando, Al Pacino, James Caan, Robert Duvall, Diane Keaton, John Cazale, Talia Shire, Richard S. Castellano, Sterling Hayden ..."
Drama,El infierno del odio ,1963,Japón,"8,4",Akira Kurosawa,8.560 ,"Marlon Brando, Al Pacino, James Caan, Robert Duvall, Diane Keaton, John Cazale, Talia Shire, Richard S. Castellano, Sterling Hayden ..."
Drama,El apartamento ,1960,Estados Unidos,"8,4",Billy Wilder,78.994 ,"Marlon Brando, Al Pacino, James Caan, Robert Duvall, Diane Keaton, John Cazale, Talia Shire, Richard S. Castellano, Sterling Hayden ..."
Drama,Ciudad de Dios ,2002,Brasil,"8,4","Fernando Meirelles, Kátia Lund",124.234 ,"Marlon Brando, Al Pacino, James Caan, Robert Duvall, Diane Keaton, John Cazale, Talia Shire, Richard S. Castellano, Sterling Hayden ..."
Drama,El chico ,1921,Estados Unidos,"8,4",Charles Chaplin,31.589 ,"Marlon Brando, Al Pacino, James Caan, Robert Duvall, Diane Keaton, John Cazale, Talia Shire, Richard S. Castellano, Sterling Hayden ..."
Drama,La evasión ,1960,Francia,"8,4",Jacques Becker,11.670 ,"Marlon Brando, Al Pacino, James Caan, Robert Duvall, Diane Keaton, John Cazale, Talia Shire, Richard S. Castellano, Sterling Hayden ..."
Drama,La quimera del oro ,1925,Estados Unidos,"8,4",Charles Chaplin,26.842 ,"Marlon Brando, Al Pacino, James Caan, Robert Duvall, Diane Keaton, John Cazale, Talia Shire, Richard S. Castellano, Sterling Hayden ..."
Drama,Uno de los nuestros ,1990,Estados Unidos,"8,4",Martin Scorsese,109.713 ,"Marlon Brando, Al Pacino, James Caan, Robert Duvall, Diane Keaton, John Cazale, Talia Shire, Richard S. Castellano, Sterling Hayden ..."
Drama,Casablanca ,1942,Estados Unidos,"8,4",Michael Curtiz,95.392 ,"Marlon Brando, Al Pacino, James Caan, Robert Duvall, Diane Keaton, John Cazale, Talia Shire, Richard S. Castellano, Sterling Hayden ..."
Drama,El decálogo (Miniserie de TV),1988,Polonia,"8,4",Krzysztof Kieślowski,2.101 ,"Marlon Brando, Al Pacino, James Caan, Robert Duvall, Diane Keaton, John Cazale, Talia Shire, Richard S. Castellano, Sterling Hayden ..."
Western,El hombre que mató a Liberty Valance ,1962,Estados Unidos,"8,3",John Ford,32.208 ,"John Wayne, James Stewart, Vera Miles, Lee Marvin, Edmond O'Brien, Andy Devine, Ken Murray, John Carradine, Jeanette Nolan ..."
Western,Sin perdón ,1992,Estados Unidos,"8,2",Clint Eastwood,92.127 ,"John Wayne, James Stewart, Vera Miles, Lee Marvin, Edmond O'Brien, Andy Devine, Ken Murray, John Carradine, Jeanette Nolan ..."
Western,"El bueno, el feo y el malo ",1966,Italia,"8,2",Sergio Leone,64.853 ,"John Wayne, James Stewart, Vera Miles, Lee Marvin, Edmond O'Brien, Andy Devine, Ken Murray, John Carradine, Jeanette Nolan ..."
Western,Hasta que llegó su hora ,1968,Italia,"8,2",Sergio Leone,24.889 ,"John Wayne, James Stewart, Vera Miles, Lee Marvin, Edmond O'Brien, Andy Devine, Ken Murray, John Carradine, Jeanette Nolan ..."
Western,El tesoro de Sierra Madre ,1948,Estados Unidos,"8,1",John Huston,14.680 ,"John Wayne, James Stewart, Vera Miles, Lee Marvin, Edmond O'Brien, Andy Devine, Ken Murray, John Carradine, Jeanette Nolan ..."
Western,El viento ,1928,Estados Unidos,"8,1",Victor Sjöström,2.200 ,"John Wayne, James Stewart, Vera Miles, Lee Marvin, Edmond O'Brien, Andy Devine, Ken Murray, John Carradine, Jeanette Nolan ..."
Western,Solo ante el peligro ,1952,Estados Unidos,"8,1",Fred Zinnemann,26.270 ,"John Wayne, James Stewart, Vera Miles, Lee Marvin, Edmond O'Brien, Andy Devine, Ken Murray, John Carradine, Jeanette Nolan ..."
Western,La muerte tenía un precio ,1965,Italia,"8,0",Sergio Leone,34.679 ,"John Wayne, James Stewart, Vera Miles, Lee Marvin, Edmond O'Brien, Andy Devine, Ken Murray, John Carradine, Jeanette Nolan ..."
Western,La diligencia ,1939,Estados Unidos,"8,0",John Ford,26.278 ,"John Wayne, James Stewart, Vera Miles, Lee Marvin, Edmond O'Brien, Andy Devine, Ken Murray, John Carradine, Jeanette Nolan ..."
Western,Centauros del desierto ,1956,Estados Unidos,"8,0",John Ford,31.171 ,"John Wayne, James Stewart, Vera Miles, Lee Marvin, Edmond O'Brien, Andy Devine, Ken Murray, John Carradine, Jeanette Nolan ..."
Western,Grupo salvaje ,1969,Estados Unidos,"8,0",Sam Peckinpah,24.719 ,"John Wayne, James Stewart, Vera Miles, Lee Marvin, Edmond O'Brien, Andy Devine, Ken Murray, John Carradine, Jeanette Nolan ..."
Western,Pasión de los fuertes ,1946,Estados Unidos,"8,0",John Ford,8.431 ,"John Wayne, James Stewart, Vera Miles, Lee Marvin, Edmond O'Brien, Andy Devine, Ken Murray, John Carradine, Jeanette Nolan ..."
Western,Horizontes de grandeza ,1958,Estados Unidos,"8,0",William Wyler,11.685 ,"John Wayne, James Stewart, Vera Miles, Lee Marvin, Edmond O'Brien, Andy Devine, Ken Murray, John Carradine, Jeanette Nolan ..."
Western,Río Bravo ,1959,Estados Unidos,"8,0",Howard Hawks,21.516 ,"John Wayne, James Stewart, Vera Miles, Lee Marvin, Edmond O'Brien, Andy Devine, Ken Murray, John Carradine, Jeanette Nolan ..."
Western,Incidente en Ox-Bow ,1942,Estados Unidos,"8,0",William A. Wellman,3.924 ,"John Wayne, James Stewart, Vera Miles, Lee Marvin, Edmond O'Brien, Andy Devine, Ken Murray, John Carradine, Jeanette Nolan ..."
Western,Dos hombres y un destino ,1969,Estados Unidos,"7,9",George Roy Hill,36.329 ,"John Wayne, James Stewart, Vera Miles, Lee Marvin, Edmond O'Brien, Andy Devine, Ken Murray, John Carradine, Jeanette Nolan ..."
Western,Django desencadenado ,2012,Estados Unidos,"7,9",Quentin Tarantino,113.219 ,"John Wayne, James Stewart, Vera Miles, Lee Marvin, Edmond O'Brien, Andy Devine, Ken Murray, John Carradine, Jeanette Nolan ..."
Western,Deadwood (Serie de TV),2004,Estados Unidos,"7,8","David Milch (Creador), Ed Bianchi, Daniel Minahan",10.170 ,"John Wayne, James Stewart, Vera Miles, Lee Marvin, Edmond O'Brien, Andy Devine, Ken Murray, John Carradine, Jeanette Nolan ..."
Western,Johnny Guitar ,1954,Estados Unidos,"7,8",Nicholas Ray,12.895 ,"John Wayne, James Stewart, Vera Miles, Lee Marvin, Edmond O'Brien, Andy Devine, Ken Murray, John Carradine, Jeanette Nolan ..."
Western,Río Rojo ,1948,Estados Unidos,"7,8","Howard Hawks, Arthur Rosson",11.796 ,"John Wayne, James Stewart, Vera Miles, Lee Marvin, Edmond O'Brien, Andy Devine, Ken Murray, John Carradine, Jeanette Nolan ..."
Western,El Dorado ,1966,Estados Unidos,"7,8",Howard Hawks,12.793 ,"John Wayne, James Stewart, Vera Miles, Lee Marvin, Edmond O'Brien, Andy Devine, Ken Murray, John Carradine, Jeanette Nolan ..."
Western,Winchester 73 ,1950,Estados Unidos,"7,8",Anthony Mann,6.309 ,"John Wayne, James Stewart, Vera Miles, Lee Marvin, Edmond O'Brien, Andy Devine, Ken Murray, John Carradine, Jeanette Nolan ..."
Western,Raíces profundas ,1953,Estados Unidos,"7,7",George Stevens,10.733 ,"John Wayne, James Stewart, Vera Miles, Lee Marvin, Edmond O'Brien, Andy Devine, Ken Murray, John Carradine, Jeanette Nolan ..."
Western,Fort Apache ,1948,Estados Unidos,"7,7",John Ford,7.307 ,"John Wayne, James Stewart, Vera Miles, Lee Marvin, Edmond O'Brien, Andy Devine, Ken Murray, John Carradine, Jeanette Nolan ..."
Western,Misión de audaces ,1959,Estados Unidos,"7,6",John Ford,4.138 ,"John Wayne, James Stewart, Vera Miles, Lee Marvin, Edmond O'Brien, Andy Devine, Ken Murray, John Carradine, Jeanette Nolan ..."
Western,Horizontes lejanos ,1952,Estados Unidos,"7,6",Anthony Mann,7.604 ,"John Wayne, James Stewart, Vera Miles, Lee Marvin, Edmond O'Brien, Andy Devine, Ken Murray, John Carradine, Jeanette Nolan ..."
Western,Las aventuras de Jeremiah Johnson ,1972,Estados Unidos,"7,6",Sydney Pollack,11.068 ,"John Wayne, James Stewart, Vera Miles, Lee Marvin, Edmond O'Brien, Andy Devine, Ken Murray, John Carradine, Jeanette Nolan ..."
Western,Juntos hasta la muerte ,1949,Estados Unidos,"7,6",Raoul Walsh,1.513 ,"John Wayne, James Stewart, Vera Miles, Lee Marvin, Edmond O'Brien, Andy Devine, Ken Murray, John Carradine, Jeanette Nolan ..."
Western,Pat Garrett y Billy el Niño ,1973,Estados Unidos,"7,6",Sam Peckinpah,8.435 ,"John Wayne, James Stewart, Vera Miles, Lee Marvin, Edmond O'Brien, Andy Devine, Ken Murray, John Carradine, Jeanette Nolan ..."
Western,Reprisal! ,1956,Estados Unidos,"7,6",George Sherman,52 ,"John Wayne, James Stewart, Vera Miles, Lee Marvin, Edmond O'Brien, Andy Devine, Ken Murray, John Carradine, Jeanette Nolan ..."
